,ASV_1,ASV_2,ASV_3,ASV_4,ASV_5,ASV_6,ASV_7,ASV_9,ASV_10,ASV_11,ASV_12,ASV_13,ASV_15,ASV_16,ASV_18,ASV_20,ASV_21,ASV_22,ASV_23,ASV_24,ASV_27,ASV_29,ASV_30,ASV_31,ASV_32,ASV_34,ASV_35,ASV_36,ASV_37,ASV_39,ASV_40,ASV_41,ASV_44,ASV_45,ASV_47,ASV_48,ASV_49,ASV_50,ASV_51,ASV_55,ASV_56,ASV_57,ASV_60,ASV_61,ASV_62,ASV_63,ASV_64,ASV_66,ASV_67,ASV_69,ASV_73,ASV_74,ASV_75,ASV_76,ASV_79,ASV_80,ASV_81,ASV_84,ASV_86,ASV_87,ASV_88,ASV_91,ASV_92,ASV_93,ASV_96,ASV_97,ASV_99,ASV_102,ASV_105,ASV_106,ASV_108,ASV_109,ASV_116,ASV_119,ASV_121,ASV_123,ASV_124,ASV_128,ASV_129,ASV_130,ASV_133,ASV_135,ASV_138,ASV_139,ASV_141,ASV_142,ASV_143,ASV_144,ASV_147,ASV_150,ASV_158,ASV_160,ASV_165,ASV_166,ASV_167,ASV_169,ASV_171,ASV_172,ASV_177,ASV_179,ASV_186,ASV_187,ASV_189,ASV_190,ASV_192,ASV_194,ASV_195,ASV_196,ASV_208,ASV_209,ASV_210,ASV_211,ASV_215,ASV_216,ASV_217,ASV_223,ASV_239,ASV_253,ASV_261,ASV_268,ASV_269,ASV_282,ASV_287,ASV_290,ASV_294,ASV_295,ASV_302,ASV_327,ASV_328,ASV_366,ASV_371,ASV_379,ASV_408,ASV_460
group_B__JAMOL02_dietRestricted_pig_14_mother_51_day_49,0.08226267597987767,0.00810683652419384,0.0011219282689732546,0.09348195866961022,0.005030581593138142,0.004994390358655134,0.0027867250551916324,0.011725959972494662,0.03984654916579204,0.0014114581448373205,0.001990517896565452,0.012739314538018891,0.09619630125583584,0.005826788751764323,0.010784987875936448,0.010459266765589375,0.0,0.00405341826209692,0.0,0.0014114581448373205,0.0036191234483008215,0.0038000796207158624,0.005573450110383265,0.0037638883862328542,0.023234772538091274,0.003003872462089682,0.0015562230827693532,0.0,0.0,0.016141290579421663,0.007455394303499692,0.0,0.0032934023379537474,0.001339075675871304,0.004958199124172126,0.0012305019724222794,0.02374144982085339,0.0045239043103760266,0.009156382324201079,0.0,0.004596286779342043,0.0029314899931236656,0.0,0.005971553689696356,0.0,0.00890304368282002,0.005537258875900257,0.0,0.004415330606927002,0.0,0.0013028844413882957,0.0018095617241504108,0.0014476493793203287,0.00101335456552423,0.006984908255220586,0.001375266910354312,0.005790597517281315,0.0,0.0,0.0,0.0,0.0,0.010857370344902464,0.0036191234483008215,0.0,0.0035829322138178133,0.00202670913104846,0.002207665303463501,0.0015924143172523614,0.002316239006912526,0.005645832579349282,0.003184828634504723,0.0017371792551843944,0.0,0.0,0.0011943107379392712,0.0011219282689732546,0.0,0.002243856537946509,0.0,0.0,0.0,0.0019181354275994353,0.0,0.002207665303463501,0.0,0.001158119503456263,0.0,0.0014476493793203287,0.005139155296587167,0.002352430241395534,0.0,0.0,0.014838406138033368,0.0,0.0,0.002859107524157649,0.0,0.0022800477724295174,0.0015924143172523614,0.0,0.0,0.0,0.0015924143172523614,0.004632478013825052,0.0011219282689732546,0.005139155296587167,0.002497195179327567,0.001990517896565452,0.0,0.0029314899931236656,0.004704860482791068,0.002678151351742608,0.0,0.00466866924830806,0.0,0.0011219282689732546,0.0,0.006188701096594405,0.00304006369657269,0.0,0.0,0.0,0.0,0.0,0.0014476493793203287,0.0,0.001158119503456263,0.0,0.00506677282762115,0.003329593572436756,0.0,0.0,0.0017371792551843944
group_B__JAMOL02_dietRestricted_pig_15_mother_51_day_49,0.013001998142571695,0.09312470098218557,0.01325528382067374,0.005881856302591957,0.004193285115244983,0.0011819998311428813,0.01944671150761264,0.016519854782877888,0.003968142290265387,0.013198998114428841,0.001969999718571469,0.009540427208510399,0.010919427011510427,0.0251597106914699,0.0251597106914699,0.008639855908592012,0.008105141699265472,0.014324712239326822,0.004699856471449076,0.0,0.004671713618326626,0.0011819998311428813,0.001519714068612276,0.0045872850589592775,0.005881856302591957,0.0,0.0,0.016182140545408494,0.0,0.012439141080122703,0.004699856471449076,0.0012664283905102298,0.009090141558551207,0.004502856499591929,0.0,0.0013789998030000281,0.005853713449469508,0.0015478569217347255,0.01899642585765345,0.0,0.016885711873469732,0.001069428418653083,0.010919427011510427,0.0,0.0011257141248979822,0.003574142346551093,0.003405285227816396,0.01705456899220443,0.0,0.005290856387020516,0.0012382855373877803,0.005797427743224608,0.002645428193510258,0.0023639996622857626,0.0,0.012889426730081895,0.0014915712154898264,0.0033208566684490475,0.00188557115920412,0.001322714096755129,0.0015478569217347255,0.003461570934061295,0.003517856640306194,0.02006585427630653,0.011651141192694116,0.001969999718571469,0.0017729997467143218,0.0,0.002279571102918414,0.0036867137590408917,0.0012945712436326796,0.005994427715081755,0.005825570596347058,0.0023077139560408635,0.0017167140404694228,0.0,0.0011538569780204318,0.0,0.0,0.0,0.004924999296428672,0.0015478569217347255,0.005769284890102158,0.008133284552387921,0.0,0.0,0.0012382855373877803,0.0,0.0023639996622857626,0.0,0.004277713674612332,0.0,0.008048855993020573,0.0,0.0037992851715306897,0.0029549995778572033,0.0,0.0016041426279796245,0.002589142487265359,0.010243998536571637,0.0014915712154898264,0.018602425913939156,0.0028705710184898543,0.002392142515408212,0.0,0.0,0.0,0.0012664283905102298,0.0033771423746939465,0.0,0.0,0.0,0.0017167140404694228,0.0015478569217347255,0.00444657079334703,0.0,0.0,0.008639855908592012,0.004165142262122534,0.0,0.0016041426279796245,0.00250471392789801,0.005741142036979709,0.0031801424028367995,0.0,0.02273942532293924,0.006641713336898095,0.003714856612163341,0.0,0.0,0.005318999240142966,0.0013789998030000281,0.0011257141248979822,0.013086426701939043
group_B__JAMOL02_dietRestricted_pig_16_mother_51_day_49,0.017784771603746974,0.0041270171167292645,0.006175680289781921,0.0014548477605736258,0.0018408277786849958,0.0,0.0010985585130862071,0.010035480470895622,0.00509196716200769,0.0015142293018215287,0.00182598239337302,0.0037410370986178947,0.027300663588723444,0.0013360846780778196,0.0,0.0024494885764760025,0.0071703211056842985,0.00470598714389632,0.0020486631730526565,0.0,0.0,0.0019892816318047533,0.0017369100815011653,0.005596710262614866,0.1210195810632265,0.003458974777690355,0.0,0.0,0.0012767031368299164,0.0,0.0,0.0032956755392586213,0.0,0.002271343952732293,0.0,0.0025088701177239056,0.002004127017116729,0.002746396282715518,0.002286189338044269,0.0,0.004483306364216683,0.003132376300826888,0.005240421015127447,0.00768990959160345,0.0,0.0,0.0023010347233562447,0.0,0.0,0.0015290746871335045,0.0,0.003176912456762815,0.0021674262555484627,0.0,0.0038746455664256767,0.0,0.0,0.0,0.0,0.0,0.0013212392927658438,0.0024494885764760025,0.001306393907453868,0.00432000712578495,0.0,0.001766600852125117,0.0,0.0013360846780778196,0.0,0.0020635085583646322,0.0017814462374370927,0.001306393907453868,0.0,0.0,0.002479179347099954,0.0,0.0,0.0,0.0,0.0,0.0,0.0,0.009337747361232761,0.0,0.0,0.0,0.0,0.0014251569899496742,0.0014103116046376984,0.0,0.0,0.0,0.0,0.0038152640251777736,0.0012173215955820133,0.0,0.0,0.0,0.00144000237526165,0.0016033016136933833,0.0039043363370496282,0.0,0.00182598239337302,0.0,0.0,0.0,0.0,0.001306393907453868,0.0,0.005225575629815472,0.0,0.0,0.0,0.0024494885764760025,0.0012321669808939891,0.0,0.0,0.002286189338044269,0.0,0.0,0.0,0.0,0.0012173215955820133,0.0,0.0,0.0016775285402532622,0.0017814462374370927,0.0,0.0034144386217544276,0.0,0.0,0.0025237155030358813,0.0,0.0017369100815011653
group_B__JAMOL02_dietRestricted_pig_17_mother_51_day_49,0.03814632053207466,0.216777515554602,0.007981119931345204,0.0015876421368804978,0.0054923836086676675,0.0038189229779017377,0.019738253593649432,0.017807337481227203,0.014460416219695344,0.013087320317528427,0.0,0.003947650718729886,0.004162196953443467,0.008024029178287921,0.017893155975112637,0.0,0.0,0.0,0.0015876421368804978,0.0,0.0,0.003389830508474576,0.00334692126153186,0.013301866552242008,0.004677107916756061,0.0026174640635056854,0.0,0.01295859257670028,0.0,0.02969319888435958,0.006221840806693842,0.004376743188157048,0.0028749195451619825,0.006951298004720017,0.00480583565758421,0.004076378459558035,0.0051062003861832225,0.004720017163698777,0.002402917828792105,0.005664020596438533,0.001973825359364943,0.0029178287921046986,0.002274190087963956,0.010727311735679038,0.0028320102982192664,0.001973825359364943,0.0059643853250375455,0.04359579489379961,0.0,0.0026174640635056854,0.0036901952370735893,0.0,0.0015018236429950654,0.0027891010512765503,0.004548380175927912,0.0059643853250375455,0.007509118214975327,0.0010298219266251878,0.005664020596438533,0.0010298219266251878,0.0,0.0014589143960523493,0.003990559965672602,0.006264750053636559,0.0,0.00334692126153186,0.003990559965672602,0.001930916112422227,0.0028320102982192664,0.004162196953443467,0.003003647285990131,0.00446256168204248,0.0029607380390474147,0.0,0.0,0.005749839090323965,0.0012443681613387686,0.004548380175927912,0.0,0.002016734606307659,0.001930916112422227,0.0015018236429950654,0.0,0.0,0.0,0.0013730959021669169,0.0027032825573911176,0.0039047414717871703,0.0,0.006608024029178288,0.0029178287921046986,0.0,0.0,0.0,0.0,0.0,0.0,0.0015018236429950654,0.0,0.003089465779875563,0.0,0.0028320102982192664,0.0,0.0,0.004376743188157048,0.001630551383823214,0.0013301866552242008,0.0,0.0018450976185367947,0.002145462347135808,0.0,0.0,0.0015018236429950654,0.0,0.0,0.0,0.0026174640635056854,0.0,0.0,0.0013301866552242008,0.002402917828792105,0.0,0.0,0.0,0.0015447328899377815,0.0,0.0,0.0,0.0,0.0,0.0,0.0,0.0,0.0
group_B__JAMOL02_dietRestricted_pig_18_mother_51_day_49,0.04967214587263092,0.10389532620737148,0.0,0.006706787628372107,0.0047306805592981825,0.008982304859426929,0.04841462319231115,0.01003024042636007,0.00889248181083266,0.0,0.006287613401598851,0.0011078175993293213,0.07425372017126261,0.014042336596904098,0.00889248181083266,0.0,0.0028443965388185275,0.0,0.001526991826102578,0.0014371687775083086,0.0,0.003173747716997515,0.01272493188418815,0.004131860235336388,0.003682744992365041,0.0025749273930357197,0.04452229108655948,0.0035629809275726817,0.006437318482589299,0.002634809425431899,0.0014671097937063984,0.004760621575496273,0.005209736818467619,0.006437318482589299,0.0,0.004311506332524926,0.003682744992365041,0.0024551633282433607,0.003952214138147849,0.014431569807479266,0.007066079822749184,0.01775502260546723,0.004580975478307734,0.0023653402796490913,0.001646755890894937,0.0,0.0,0.0,0.0016168148746968471,0.00377256804095931,0.012545285786999611,0.003652803976166951,0.0010778765831312314,0.0012874636965178599,0.0012874636965178599,0.0035030988951765024,0.0031438067007994253,0.0036228629599688615,0.013203988143357586,0.0,0.0028443965388185275,0.002275517231054822,0.014072277613102188,0.002275517231054822,0.001766519955687296,0.0,0.0018264019880834756,0.003113865684601335,0.003113865684601335,0.0026946914578280788,0.006407377466391209,0.002395281295847181,0.0026048684092338094,0.0,0.0012275816641216803,0.0,0.00251504536063954,0.0015569328423006676,0.0026946914578280788,0.002065930117668194,0.0011078175993293213,0.0,0.008263720470672776,0.004970208688882901,0.005479205964250427,0.0037426270247612205,0.0,0.0044911524297134645,0.0030240426360070662,0.001137758615527411,0.0,0.004371388364921106,0.0011078175993293213,0.0025749273930357197,0.002185694182460553,0.00125752268031977,0.0,0.0,0.003533039911374592,0.0,0.004670798526902003,0.0,0.002065930117668194,0.001526991826102578,0.0,0.0011976406479235905,0.0,0.0,0.0019761070690739245,0.0011078175993293213,0.0014671097937063984,0.006706787628372107,0.006437318482589299,0.0,0.0,0.0,0.0015868738584987575,0.0026946914578280788,0.0,0.0011078175993293213,0.0,0.0,0.0,0.004640857510703913,0.0013174047127159495,0.0010778765831312314,0.0,0.0,0.0013473457289140394,0.0023353992634510016,0.0019461660528758346,0.002065930117668194,0.0017964609718853857,0.0
group_B__JAMOL02_dietRestricted_pig_19_mother_51_day_49,0.06296037838256958,0.23235377736424492,0.006719909022770153,0.0021968933343671656,0.012897056162931948,0.005117469178878809,0.05820475045876302,0.003411646119252539,0.031661109818820914,0.003954408001860898,0.004471324080535525,0.008063890827324184,0.013646584477010157,0.026078416169134942,0.012431831692124784,0.0075986663565170195,0.0019642810989635834,0.0,0.0,0.0,0.0013956734124214933,0.01028662996562508,0.0011889069809516426,0.00266211780517433,0.0021193559225659714,0.009976480318420305,0.0,0.0011372153730841799,0.0,0.01845390400868419,0.006228838748029257,0.0015507482360238814,0.0,0.006694063218836422,0.0,0.003928562197927167,0.0,0.0025587345894394044,0.0029981132563128374,0.0,0.0,0.0,0.0011630611770179111,0.0,0.0,0.0,0.0061771471401617945,0.0014732108242226875,0.0,0.0038510247861259722,0.0,0.0,0.009304489416143289,0.0,0.0,0.014499496006823293,0.0019901269028973147,0.0027655010209092553,0.0035667209428549276,0.004161174433330749,0.0,0.0017575146674937323,0.0,0.0018608978832286578,0.0,0.0,0.0017575146674937323,0.0,0.002377813961903285,0.0017833604714274638,0.0037217957664573155,0.0015507482360238814,0.003670104158589853,0.003463337727120002,0.0,0.001576594039957613,0.0,0.015223178516967771,0.001731668863560001,0.001447365020288956,0.008038045023390453,0.002894730040577912,0.0,0.0,0.0010855237652167172,0.0012147527848853739,0.0012147527848853739,0.0,0.0014732108242226875,0.0,0.0021452017264997026,0.0,0.0027913468248429866,0.0,0.0015507482360238814,0.0,0.0,0.0014215192163552247,0.0,0.0011889069809516426,0.0,0.0,0.0035150293349874647,0.0,0.003023959060246569,0.0011113695691504484,0.004600553100204182,0.0045488614923367195,0.0,0.00323072549171642,0.0,0.0,0.003153188079915226,0.0065131425913003025,0.0,0.0,0.006151301336228063,0.0,0.0071592876896435865,0.0,0.0035408751389211963,0.0,0.0,0.0,0.0,0.0010855237652167172,0.0,0.001809206275361195,0.0012664443927528366,0.0016024398438913442,0.007081750277842393,0.0,0.0013181360006202993,0.0011113695691504484
group_B__JAMOL02_dietRestricted_pig_20_mother_51_day_49,0.10306026766686557,0.0886824084334953,0.0053988008979058335,0.0,0.01389480862671554,0.004461114426164294,0.03242122012900293,0.011166993436194698,0.02031654022106669,0.0,0.014804080356889154,0.00966101213309465,0.004915750291251101,0.006847952717870031,0.010683942829539965,0.0112806524024664,0.0,0.0,0.001165004404284943,0.002500497257977439,0.0,0.0,0.007586735998636092,0.0058534367629926405,0.0,0.0037223311453982327,0.004660017617139772,0.010115647998181456,0.0,0.00966101213309465,0.009689426874662574,0.0036086721791265307,0.004176967010485039,0.005285141931634132,0.0,0.0,0.0017048844940755264,0.0051714829653624304,0.00161964026937175,0.0,0.002074276134458557,0.0,0.004120137527349189,0.005768192538288864,0.0,0.016736282783508083,0.001108174921149092,0.0,0.0013923223368283466,0.0,0.012417242065183418,0.0031256215724717986,0.0019606171681868555,0.0,0.002074276134458557,0.010172477481317308,0.0,0.0,0.003693916403830307,0.0,0.018355923052879836,0.002045861392890632,0.011337481885602251,0.021339470917512007,0.0,0.013099195862813627,0.0,0.0015912255278038247,0.0016480550109396754,0.004461114426164294,0.0015343960446679737,0.0029267183814963202,0.0035234279544227544,0.0011365896627170177,0.0019606171681868555,0.002074276134458557,0.0,0.001165004404284943,0.0021026908760264826,0.0,0.0,0.0036086721791265307,0.0049441650328190265,0.0,0.0020174466513227063,0.0,0.0,0.0,0.0,0.0,0.014662006649049528,0.0,0.0020174466513227063,0.0,0.0,0.0026141562242491404,0.0,0.0,0.0,0.006450146335919075,0.004375870201460518,0.0013070781121245702,0.0,0.0,0.004631602875571847,0.0,0.0,0.0022731793254340354,0.004574773392435996,0.0019037876850510045,0.0,0.004347455459892592,0.006819537976302106,0.002131105617594408,0.002131105617594408,0.0033245247634472765,0.0016480550109396754,0.0067911232347341805,0.0013070781121245702,0.0,0.0,0.0,0.0031256215724717986,0.005285141931634132,0.002500497257977439,0.005540874605745461,0.0,0.0,0.0,0.003097206830903873,0.0,0.0013923223368283466,0.0011934191458528684,0.005796607279856789
group_B__JAMOL02_dietRestricted_pig_21_mother_51_day_49,0.04064548304360217,0.037653177543459676,0.008798803077799943,0.06048731832430892,0.006198347107438017,0.0013180393274437163,0.022014819036762612,0.06351524650897691,0.0032772869763465374,0.015567113137646053,0.0018523795953263038,0.005557138785978911,0.0050584212026218295,0.033734682245654034,0.001816756910800798,0.00591336563123397,0.007088914220575663,0.007267027643203192,0.0021017383870048445,0.0,0.0,0.0011755485893416929,0.0023154744941578796,0.001816756910800798,0.009475634083784554,0.023867198632088915,0.0,0.0,0.017775719578227416,0.004630948988315759,0.0028854374465659732,0.004132231404958678,0.0012824166429182104,0.0,0.007338273012254203,0.0,0.0016386434881732687,0.0073738956967797096,0.006910800797948134,0.0,0.009475634083784554,0.010758050726702764,0.0014249073810202336,0.02037617554858934,0.005414648047876888,0.0,0.0038828726132801366,0.0,0.0,0.0,0.0032772869763465374,0.0032772869763465374,0.0017098888572242804,0.0,0.013358506697064692,0.027785693929894557,0.0,0.0037760045597036193,0.0,0.0016386434881732687,0.0,0.0,0.0,0.012289826161299516,0.020447420917640353,0.0012111712738671987,0.002956682815616985,0.006982046166999145,0.001567398119122257,0.004417212881162725,0.0,0.006412083214591051,0.0,0.004844685095468795,0.0038828726132801366,0.0,0.0,0.0,0.0,0.0,0.0016030208036477628,0.0,0.005521516101453405,0.003954117982331149,0.0,0.0,0.0,0.0,0.0011043032202906812,0.0,0.0,0.0013180393274437163,0.002671701339412938,0.0030991735537190084,0.0,0.0,0.003419777714448561,0.004524080934739242,0.0,0.0,0.0,0.0012111712738671987,0.0029923055001424906,0.001994870333428327,0.0,0.0,0.0,0.0029923055001424906,0.002279851809632374,0.0,0.0,0.0,0.001816756910800798,0.002849814762040467,0.0,0.0019236249643773155,0.004381590196637219,0.004666571672841265,0.0,0.0027785693929894555,0.0,0.0016742661726987745,0.0,0.0,0.0,0.015816471929324595,0.0,0.0021729837560558562,0.0,0.0,0.0,0.0,0.0,0.0
group_B__JAMOL02_dietRestricted_pig_22_mother_51_day_49,0.16372067648663394,0.024168030551009273,0.01292962356792144,0.02973267866884888,0.03251500272776869,0.005182760501909438,0.03382433169667212,0.009438079650845609,0.001800327332242226,0.0,0.007855973813420621,0.003164211674849973,0.013966175668303328,0.0,0.0088379705400982,0.005673758865248227,0.0,0.0,0.0,0.00425531914893617,0.0,0.0015821058374249864,0.0036552100381887615,0.001309328968903437,0.0,0.0028914348063284233,0.019749045280960175,0.007201309328968904,0.0,0.015548281505728314,0.007364975450081833,0.009274413529732678,0.002236770321876705,0.005237315875613748,0.0,0.0,0.0015821058374249864,0.006055646481178396,0.00420076377523186,0.010474631751227497,0.011183851609383524,0.0024004364429896343,0.00851063829787234,0.00425531914893617,0.0024004364429896343,0.0037097654118930716,0.001309328968903437,0.006437534097108565,0.007364975450081833,0.0033278777959629023,0.0044189852700491,0.006710310965630115,0.0036552100381887615,0.0,0.0037097654118930716,0.0,0.0,0.0014184397163120568,0.006873977086743044,0.0,0.009383524277141298,0.0018548827059465358,0.0,0.003982542280414621,0.0,0.00414620840152755,0.0044189852700491,0.002564102564102564,0.0022913256955810145,0.0,0.0037643207855973812,0.0032733224222585926,0.003491543917075832,0.0,0.0010911074740861974,0.0,0.0,0.010310965630114566,0.004637206764866339,0.0011456628477905073,0.00452809601745772,0.0014184397163120568,0.0038188761593016913,0.0,0.001800327332242226,0.0,0.0,0.001309328968903437,0.0,0.0,0.0,0.001363884342607747,0.0019094380796508457,0.0,0.0,0.0023458810692853246,0.0,0.0,0.0018548827059465358,0.007201309328968904,0.002727768685215494,0.0,0.0,0.0,0.003164211674849973,0.0028368794326241137,0.0,0.004855428259683579,0.003600654664484452,0.0,0.0,0.0,0.0048008728859792685,0.0,0.0,0.0022913256955810145,0.0,0.0019639934533551553,0.0020185488270594654,0.0,0.0,0.0,0.0,0.0,0.0010365521003818875,0.0,0.0,0.0,0.0,0.0022913256955810145,0.0,0.0015275504637206766,0.0,0.002127659574468085
group_B__JAMOL02_dietRestricted_pig_23_mother_51_day_49,0.2404516266471895,0.0,0.08235186706838309,0.004595392434340668,0.03207644785294744,0.012812319303691531,0.03542408472564594,0.007364801119936699,0.0033172038102194223,0.0025259441857634134,0.014242673240208161,0.005264919808880368,0.010986335554946894,0.001247755561642168,0.01226452417906814,0.005782281871024681,0.0,0.0016738184363492498,0.0055996834961502175,0.004747557746736054,0.0013999208740375544,0.0040171642472382,0.0024650780608052587,0.004047597309717277,0.0,0.001369487811558477,0.0,0.0,0.0,0.01348184667823123,0.002738975623116954,0.006543108433001613,0.0,0.00489972305913144,0.0037736997474055816,0.001126023311725859,0.0,0.009464682430993031,0.0028911409355123407,0.012203658054109985,0.007456100307373931,0.008399525244225327,0.0,0.001247755561642168,0.0012173224991630907,0.03268510910252899,0.0,0.0,0.0013086216866003227,0.0,0.002099881311056332,0.0032259046227821908,0.003165038497824036,0.002160747436014486,0.0,0.012112358866672753,0.0,0.0013999208740375544,0.0,0.003469369122614809,0.0,0.005112754496484981,0.0034389360601357315,0.0030128731854286495,0.0022824796859307953,0.0,0.0010651571867677043,0.0018868498737027908,0.0028607078730332634,0.0028607078730332634,0.0,0.001369487811558477,0.002738975623116954,0.0,0.0,0.0010955902492467817,0.0,0.0013999208740375544,0.005082321434005904,0.0,0.0,0.0,0.0034389360601357315,0.003134605435344959,0.004443227121945281,0.0013999208740375544,0.0,0.006269210870689918,0.0,0.0019781490611400225,0.0036519674974892723,0.004230195684591741,0.0018259837487446362,0.006847439057792386,0.0030128731854286495,0.0018564168112237135,0.0,0.0,0.0,0.0,0.0,0.0019781490611400225,0.001247755561642168,0.0,0.0,0.0010955902492467817,0.0,0.002099881311056332,0.0024346449983261814,0.002921573997991418,0.005051888371526827,0.0,0.0044736601844243586,0.0046866916217779,0.001247755561642168,0.0,0.0,0.0016433853738701725,0.0010347241242886272,0.0,0.0021911804984935633,0.0011868894366840136,0.0013999208740375544,0.0,0.0,0.0,0.0,0.0019477159986609452,0.0022824796859307953,0.0010651571867677043,0.0,0.0033476368726984996,0.0,0.0
group_B__JAMOL02_dietRestricted_pig_25_mother_56_day_49,0.2320580513849149,0.15291584319046636,0.025279490280522697,0.0,0.03238842512020294,0.0010029202678387068,0.001651868676440223,0.0013568921270758975,0.005250582578684994,0.003156249078198283,0.03309636883867732,0.011681071354827292,0.021592283413468628,0.010088197988259934,0.0,0.014984808707707737,0.0,0.003716704521990502,0.001592873366567358,0.0012094038523937348,0.006283000501460134,0.0,0.0,0.0038051974867997994,0.0011799061974573021,0.004778620099702074,0.0,0.006312498156396566,0.0,0.003628211557181204,0.0,0.0,0.00277277956402466,0.0,0.0,0.0,0.0,0.0017403616412495207,0.004483643550337748,0.0,0.006400991121205864,0.0,0.00415916934603699,0.0,0.0,0.0027432819090882276,0.002920267838706823,0.002300817085041739,0.0,0.0018288546060588183,0.0,0.0,0.001120910887584437,0.0011799061974573021,0.0,0.0019468452258045485,0.0,0.0,0.009055780065484794,0.0012683991622665998,0.0,0.003038258458452553,0.0,0.006194507536650836,0.002625291289342497,0.0,0.0,0.0,0.0011504085425208695,0.003510220937435474,0.0,0.0,0.0012683991622665998,0.0036872068670540693,0.002241821775168874,0.0,0.0010029202678387068,0.00138638978201233,0.0,0.0,0.0,0.0018878499159316834,0.003628211557181204,0.0,0.0013273944721394649,0.0,0.0,0.0,0.0014158874369487626,0.0,0.0033332350078168786,0.0,0.0012683991622665998,0.0,0.0031267514232618506,0.001061915577711572,0.0016813663313766556,0.0,0.0010324179227751394,0.002241821775168874,0.0,0.003392230317689744,0.0017993569511223857,0.0034807232824990413,0.0,0.0011799061974573021,0.0,0.0,0.0014453850918851952,0.0,0.0021533288103595762,0.0012978968172030324,0.0,0.002035338190613846,0.0026842865992153624,0.0,0.0017993569511223857,0.0,0.0045426388602106136,0.0,0.0036577092121176367,0.002831774873897525,0.0015043804017580602,0.0,0.001651868676440223,0.0059290286422229435,0.002389310049851037,0.0018288546060588183,0.007521902008790301,0.0,0.00542756850830359,0.0,0.0,0.00796436683283679
group_B__JAMOL02_dietRestricted_pig_26_mother_56_day_49,0.03810076394932792,0.023208587177255584,0.01560132804693292,0.0,0.0012893659542919768,0.0,0.0020952196757244627,0.001998517229152564,0.0,0.032620958643587016,0.0014827708474357735,0.0,0.0,0.0448699352093608,0.0,0.0037069271185894335,0.04300035457563743,0.0,0.0038358637140186312,0.0,0.0,0.01734197208522709,0.006898107855462077,0.018695806337233667,0.0,0.020984430906101924,0.0,0.0,0.008864390935757341,0.0,0.0,0.0,0.0010959610611481804,0.0,0.03236308545272862,0.0056087419011701,0.0038358637140186312,0.00612448828288689,0.021564645585533313,0.0,0.0,0.0,0.004770654030880315,0.0,0.01173323018405699,0.0,0.0,0.0,0.0,0.0,0.0,0.0015472391451503724,0.0,0.0011604293588627793,0.0017406440382941688,0.0,0.0,0.022660606646681493,0.0,0.009831415401476324,0.0,0.0,0.0,0.0017084098894368694,0.007703961576894562,0.0,0.0,0.0011604293588627793,0.0012571318054346776,0.0,0.0,0.0,0.0,0.0023208587177255585,0.004996293072881411,0.0,0.0,0.0,0.0,0.004641717435451117,0.0,0.0,0.01337717177577926,0.007381620088321568,0.0,0.0010959610611481804,0.0,0.0,0.0,0.0,0.0,0.0,0.0019340489314379654,0.0021596879734390615,0.0,0.0018373464848660671,0.0020307513780098638,0.0024175611642974566,0.01173323018405699,0.0,0.0,0.0019340489314379654,0.010959610611481804,0.011410888695483996,0.0,0.0,0.0029333075460142473,0.0,0.0,0.0,0.008864390935757341,0.0,0.0,0.0029333075460142473,0.006446829771459885,0.0,0.0,0.004125971053734326,0.0,0.0023530928665828578,0.0,0.00954130806176063,0.0,0.0,0.0,0.0,0.0,0.002901073397156948,0.01170099603519969,0.0,0.0,0.0,0.0029333075460142473,0.0
group_B__JAMOL02_dietRestricted_pig_27_mother_56_day_49,0.029639332277324234,0.2103996588278299,0.0023760204703302057,0.0,0.004356037528938711,0.0010052394297550872,0.04633239917143901,0.012367491166077738,0.0042951139271353725,0.010174241501157548,0.00441696113074205,0.0,0.023912513707810407,0.01358596320214451,0.020318021201413426,0.004721579139758743,0.0,0.0042951139271353725,0.0035335689045936395,0.0,0.0038381869136103327,0.007310832216400633,0.0,0.004782502741562081,0.0,0.0056354331668088216,0.01663214329231144,0.01931278177165834,0.008285609845254052,0.006945290605580602,0.010813939320092603,0.0,0.007828682831729012,0.0027415620811502375,0.005574509565005483,0.003015718289265261,0.001888631655903497,0.007341294017302303,0.0031071036919702692,0.0029547946874619226,0.004782502741562081,0.002772023882051907,0.0037163397100036556,0.0,0.0012489338369684416,0.019160472767149994,0.0030766418910686,0.00785914463263068,0.005879127574022176,0.0,0.0,0.0022237114658218596,0.001096624832460095,0.002284635067625198,0.004020957719020349,0.009504081881320823,0.00572681856951383,0.0,0.005483124162300475,0.0036249543072986476,0.0,0.009473620080419154,0.002802485682953576,0.0,0.006488363592055562,0.0,0.0020104788595101744,0.002071402461313513,0.0024369440721335447,0.004447422931643719,0.0,0.001096624832460095,0.0011880102351651029,0.0019495552577068356,0.0,0.0040514195199220174,0.0020409406604118435,0.0,0.0,0.0014621664432801268,0.0024064822712318752,0.0012489338369684416,0.0031071036919702692,0.004782502741562081,0.003594492506396978,0.0,0.0031071036919702692,0.0,0.0,0.005178506153283782,0.0032898744973802853,0.0,0.0,0.0016144754477884732,0.0055135859632021444,0.00219324966492019,0.002985256488363592,0.0,0.0,0.0,0.0063360545875472156,0.0021323260631168515,0.0,0.0022237114658218596,0.00219324966492019,0.0011575484342634336,0.0,0.0,0.0,0.0034117217009869624,0.0,0.0,0.0,0.0,0.0,0.002284635067625198,0.0024369440721335447,0.0,0.0017363226513951505,0.0,0.0,0.001888631655903497,0.0,0.008894845863287438,0.0,0.001401242841476788,0.001096624832460095,0.0,0.001888631655903497,0.0,0.001279395637870111,0.0,0.0024978676739368833,0.0
group_B__JAMOL02_dietRestricted_pig_28_mother_56_day_49,0.06947714037913517,0.26239003840911906,0.012049312352868293,0.0,0.010066906207409243,0.008456201214223764,0.06340602155866683,0.00985008053524966,0.010252756783546028,0.014000743402304547,0.003686036426712923,0.013969768306281749,0.004026762482963697,0.036209887250650476,0.004553339115351257,0.011615661008549126,0.0,0.005389666707966795,0.0,0.002168256721595837,0.0018585057613678603,0.0027567835460289925,0.0015487548011398834,0.0018275306653450626,0.0022921571056870277,0.0012390038409119068,0.0012390038409119068,0.0,0.0,0.006009168628422748,0.012544913889233057,0.0,0.001393879321025895,0.004367488539214472,0.0,0.0,0.0016416800892082766,0.0011151034568207161,0.009106678230702514,0.0,0.0024780076818238135,0.0,0.005141865939784413,0.0,0.0,0.0,0.0038099368108041134,0.003097509602279767,0.0025709329698922066,0.0010841283607979184,0.0,0.003004584314211374,0.0,0.0010841283607979184,0.0,0.0,0.0,0.00904472803865692,0.0,0.017067277908561516,0.01626192541196878,0.008208400446041382,0.0010841283607979184,0.0,0.002137281625573039,0.0,0.0,0.001393879321025895,0.0016726551852310743,0.002632883161937802,0.003004584314211374,0.0,0.002725808450006195,0.003004584314211374,0.0011770536488663115,0.0,0.0011460785528435138,0.0,0.0,0.0026948333539833975,0.0,0.0016726551852310743,0.006876471317061083,0.0037789617147813157,0.0,0.0,0.0,0.0,0.0,0.0,0.0013009540329575022,0.0,0.002075331433527444,0.0,0.0047391896914880435,0.005482591996035188,0.001796555569322265,0.0012390038409119068,0.0,0.0,0.0022921571056870277,0.001517779705117086,0.005420641803989592,0.005296741419898401,0.0,0.0,0.0022921571056870277,0.0,0.0036240862346673276,0.0,0.0010531532647751207,0.011708586296617519,0.0,0.0016107049931854789,0.0,0.001393879321025895,0.0,0.0,0.004801139883533639,0.0017346053772766695,0.010624457935819601,0.005420641803989592,0.002354107297732623,0.0,0.0,0.0,0.006411844876719118,0.002539957873869409,0.0,0.0018894808573906578,0.005358691611943997,0.0018585057613678603,0.0,0.0
group_B__JAMOL02_dietRestricted_pig_30_mother_56_day_49,0.03671648746712826,0.06564362038547318,0.0032289204753503547,0.0,0.003129056955494158,0.0,0.050763955926899904,0.011451016943510535,0.007323324789454412,0.007156885589694084,0.005825371991611464,0.0017309676775074064,0.015212542858093939,0.022269564927931827,0.02543190972337805,0.005459205752138744,0.0017642555174594721,0.0,0.0028294663959255685,0.0,0.0,0.006258113910988316,0.00326220831530242,0.013315135980826204,0.008987716787057688,0.013481575180586531,0.01371459006025099,0.0,0.0014646649578908824,0.011917046702839452,0.01081854798442129,0.0028960420758296994,0.008288672148064313,0.0,0.0,0.0035950867148230752,0.001497952797842948,0.0031623447954462233,0.0024300123165007822,0.0016643919976032755,0.003794813754535468,0.0,0.006191538231084185,0.005525781432042875,0.0,0.05738823607736094,0.0017642555174594721,0.0,0.002995905595685896,0.0,0.001830831197363603,0.002529875836356979,0.005492493592090809,0.0,0.0,0.04300788921806864,0.0,0.006258113910988316,0.0,0.009720049266003129,0.0,0.003894677274391665,0.0,0.0,0.00163110415765121,0.0,0.0017309676775074064,0.0,0.00259645151626111,0.0035285110349189443,0.0,0.004127692154056123,0.004560434073432975,0.007423188309310609,0.001497952797842948,0.0,0.0021637095968842584,0.0,0.001897406877267734,0.00525947871242635,0.0,0.002563163676309044,0.00163110415765121,0.0051596151925701545,0.010652108784660963,0.0,0.0,0.0057255084717552675,0.002030558237075996,0.008388535667920508,0.007223461269598216,0.0010652108784660963,0.0,0.0,0.0035617988748710095,0.0035617988748710095,0.0,0.0011317865583702273,0.0,0.0,0.02400053260543923,0.0017975433574115376,0.0,0.0017309676775074064,0.0014313771179388169,0.0013980892779867514,0.006557704470556905,0.004327419193768517,0.0035285110349189443,0.001364801438034686,0.0,0.0,0.0,0.0027628907160214375,0.0,0.0,0.004627009753337106,0.0,0.009287307346626278,0.0027628907160214375,0.006923870710029626,0.00392796511434373,0.0023634366365966513,0.0023634366365966513,0.0021637095968842584,0.0023634366365966513,0.0017309676775074064,0.0,0.0,0.0,0.007822642388735396,0.00792250590859159,0.0014646649578908824,0.0
group_B__JAMOL02_dietRestricted_pig_31_mother_56_day_49,0.0,0.15878443592642638,0.015442737776797286,0.0012133579681769297,0.0,0.0,0.0,0.015387585141880154,0.028624217521992113,0.03083032291867744,0.0017097316824311282,0.006756197777348813,0.0010203237459669636,0.011278713840553732,0.036814383807186386,0.005597992444089016,0.0,0.009844745332708271,0.005680721396464716,0.0,0.004798279237790586,0.007611063618564377,0.013815735046741858,0.0044673634282877865,0.00427432920607782,0.006728621459890246,0.0,0.0,0.01742823263381408,0.0,0.0015718500951382953,0.0,0.0,0.0,0.02840360698232358,0.007335300443978711,0.011251137523095166,0.01541516145933872,0.0,0.006838926729724513,0.0,0.0,0.012381766538896395,0.0,0.0012409342856354963,0.0,0.0011582053332597965,0.0,0.0,0.0,0.003502192317237956,0.0,0.0,0.0,0.0,0.007224995174144445,0.012657529713482062,0.006838926729724513,0.0,0.004632821333039186,0.012436919173813529,0.0028127843807737914,0.0,0.0,0.003171276507735157,0.0,0.001378815872928329,0.0015442737776797286,0.004246752888619254,0.002564597523646692,0.0,0.0,0.0,0.0023439869839781595,0.0,0.0,0.0,0.0,0.0,0.0,0.0,0.006590739872597414,0.0,0.0024818685712709927,0.0,0.005818602983757549,0.007280147809061578,0.0,0.0,0.006673468824973113,0.0,0.019606761713040842,0.0012133579681769297,0.0,0.0,0.005018889777459118,0.002316410666519593,0.0015994264125968618,0.0015442737776797286,0.0,0.006425281967846014,0.0,0.0,0.0,0.0,0.0,0.0057358740313818496,0.0,0.0,0.0,0.0016270027300554284,0.0012960869205526295,0.0,0.0,0.0,0.00104790006342553,0.004743126602873452,0.0,0.0020682238093924937,0.0,0.008493505777238508,0.0,0.0,0.006425281967846014,0.0,0.0,0.0,0.0,0.0011306290158012299,0.0,0.0029506659680666246,0.0,0.0,0.0
group_B__JAMOL02_dietRestricted_pig_32_mother_56_day_49,0.047442626324997426,0.12438681348838805,0.0032245892079173955,0.001749511165997736,0.0029501560838393194,0.0015779904634489383,0.05231381427738328,0.006449178415834791,0.0027100271002710027,0.009159205516105794,0.0038077595965833075,0.0,0.014133305890020926,0.028678261466158966,0.013584439641864773,0.0,0.0,0.0,0.0,0.001234949058351343,0.003190285067407636,0.0037391513155637887,0.0,0.0,0.0,0.006792219820932387,0.03625947651881582,0.0131384858152379,0.0,0.00291585194332956,0.02329251140612672,0.005282837638502967,0.002778635381290522,0.004116496861171143,0.0027100271002710027,0.0062776577132859935,0.0,0.004596754828307777,0.004562450687798017,0.005248533497993208,0.006483482556344551,0.0,0.003327501629446674,0.0,0.0014750780419196597,0.024458852183458543,0.00730678192857878,0.0,0.002744331240780762,0.0,0.0,0.0026414188192514835,0.0020582484305855715,0.0,0.0,0.014990909402764914,0.010359850433947377,0.004288017563719941,0.0017838153065074954,0.002469898116702686,0.005625879043600563,0.008198689581832527,0.002332681554663648,0.0,0.001749511165997736,0.001749511165997736,0.0050770127954444105,0.0,0.001749511165997736,0.001234949058351343,0.007409694350108058,0.0016465987444684574,0.004013584439641865,0.0015436863229391787,0.0,0.002332681554663648,0.0,0.001749511165997736,0.001166340777331824,0.0,0.004836883811876093,0.0032588933484271553,0.0011320366368220644,0.002401289835683167,0.005728791465129841,0.0023669856951734074,0.001818119447017255,0.00723817364755926,0.0017838153065074954,0.001372165620390381,0.0039449761586223455,0.004116496861171143,0.0,0.0,0.0056944873246200815,0.003704847175054029,0.0,0.0,0.002984460224349079,0.0014750780419196597,0.0,0.0,0.0,0.002744331240780762,0.0025728105382319647,0.004082192720661384,0.005008404514424891,0.0019896401495660527,0.0,0.0019553360090562933,0.0,0.001680902884978217,0.0,0.0016122946039586977,0.0,0.0016122946039586977,0.0,0.0,0.005420054200542005,0.0013378614798806217,0.0,0.0,0.0,0.001818119447017255,0.001680902884978217,0.0,0.0022983774141538886,0.0,0.0,0.003327501629446674,0.0038077595965833075,0.0,0.0,0.0011320366368220644
